<?xml version="1.0" encoding="UTF-8"?>
<project-private xmlns="http://www.netbeans.org/ns/project-private/1">
    <editor-bookmarks xmlns="http://www.netbeans.org/ns/editor-bookmarks/2" lastBookmarkId="0"/>
    <open-files xmlns="http://www.netbeans.org/ns/projectui-open-files/2">
        <group>
            <file>file:/C:/Users/École/OneDrive%20-%20Vanier%20College/prog%202/Final%20Project/Programming2/src/programming2/BankAccount.java</file>
            <file>file:/C:/Users/École/OneDrive%20-%20Vanier%20College/prog%202/Final%20Project/Programming2/src/programming2/ATM.java</file>
            <file>file:/C:/Users/École/OneDrive%20-%20Vanier%20College/prog%202/Final%20Project/Programming2/src/programming2/Savings.java</file>
            <file>file:/C:/Users/École/OneDrive%20-%20Vanier%20College/prog%202/Final%20Project/Programming2/src/programming2/Programming2.java</file>
            <file>file:/C:/Users/École/OneDrive%20-%20Vanier%20College/prog%202/Final%20Project/Programming2/test/programming2/CheckingTest.java</file>
            <file>file:/C:/Users/École/OneDrive%20-%20Vanier%20College/prog%202/Final%20Project/Programming2/src/programming2/Checking.java</file>
            <file>file:/C:/Users/École/OneDrive%20-%20Vanier%20College/prog%202/Final%20Project/Programming2/src/programming2/User.java</file>
            <file>file:/C:/Users/École/OneDrive%20-%20Vanier%20College/prog%202/Final%20Project/Programming2/test/programming2/UserTest.java</file>
        </group>
    </open-files>
</project-private>
